Valores Reais,Valores Previstos
110,109.5753015458082
15,88.45968497210959
40,67.34406839841097
100,51.507355968137
100,146.52763054978078
20,51.507355968137
175,141.24872640635613
120,146.52763054978078
90,46.228451824712344
30,40.94954768128769
80,40.94954768128769
15,56.78626011156165
70,130.69091811950682
160,125.41201397608216
90,93.73858911553424
70,88.45968497210959
150,130.69091811950682
130,120.13310983265751
40,72.62297254183562
100,99.0174932589589
